"","text"
"1"," proyek  baguscryocurrency metaverse"
"2"," proyek  baguscryocurrency metaverse"
"3"," hbar hbar memes btc cryo cryocurrency "
"4"," bnb usa finance ltc forexlifestyle cryocurrency  xrommunity bscgems wealth mist doge shib digitalcu"
"5","bnb usa finance ltc forexlifestyle cryocurrency  xrommunity bscgems wealth mist doge shib "
"6"," kekenia  nfts nft nftart nftartist nftcollector cryoart digitalart nftcommunit"
"7","vidyx merukan koin  oject      kerjasama      berb "
"8"," hmmm semoga beruntung cryocurrency bsc bitcoin eth "
"9","shibarmy shib shib bitcoin cryocurrency cryo forex digitalassets cryotwitter stockmarkets stonks "
"10","akah  orang rnah mendengar  litecoin  mata uang   diluncurkan    dev "
"11","yuk   regis  coba  kode ku goodgirluntuk datkan tambahan  nbtnanovest nanosquad "
"12","hi ideafams   mencoba bebera luang bisnis  terbilang menjanjikanbusiness "
"13","shibarmy shib shib bitcoin cryocurrency cryo forex digitalassets cryotwitter stockmarkets "
"14"," facebook revokes cryocurrency advertising ban"
"15","cryo cryocurrency shib shibainu shib shibarmy "
"16","prediksi harga shiba inu       beli shiba inu  cryocurrency  "
"17","cryo cryocurrency shib shibainu shib shibarmy"
"18"," facebook revokes cryocurrency advertising ban"
"19"," ku  nft  gamefi memngaruhi minat  daya tarik orang  terjun  cryocurrency "
"20","vidy vidyx nfts nft indodax vogue bsc binancesmartchain coinmarketcacoingecko cryocurrency "
"21","  kuwekeza investingkuwekeza ni mihimu  na unaswa kujifunza kuwekeza sa zakokuweka sa zako bank sio deal"
"22"," kabar        boking hotel tiket sawat   datkan inf"
"23","megaburbuja inmobiliaria digital sandboxala decentraland axieinfinityscholar "
"24"," facebook revokes cryocurrency advertising ban"
"25","a short story shib shib shibarmy shibafloki elonmusk elon bitcoin cryocurrency shib eth btc sol "
"26","pembelajaran  a  cryocurrency  lengkadi krioversity  membantu   thx toko c "
"27","tlm buy setup btc tlm binancesmartchain cryonews cryocurrency cryotrading usdtether "
"28"," india    njara     denda  juta    mata uang cryocurrency  "
"29","cryo cryocurrency shib shibainu shib shibarmy"
"30","  ndangan syariat  entitas  layak dijadikan komoditas  barang bernilai jual silah abila  mem"
"31"," pertarungan slot manis airtkumlan hadiah  harimulai  des  utc  juara taruhan  deng"
"32"," wooooohooooo cryo cryocurrency hodl btceth binance b"
"33","btcusdt for binancebtcusdt by amirrezakashef btcusdt btc bitcoin binance cryocurrency cryonews "
"34"," pertarungan slot manis airtkumlan hadiah  harimulai  des  utc  juara taruhan  deng"
"35"," yuni cryozombies cryocurrency"
"36"," airdro btc giveaway cryocurrency "
"37"," pertarungan slot manis airtkumlan hadiah  harimulai  des  utc  juara taruhan  deng"
"38"," ubisoft luncurkan digits game nft   tezos xtz btc bitcoin ethereum blockcha"
"39","cryo cryocurrency shib shibainu shib shibarmy "
"40","cryo cryocurrency shib shibainu shib shibarmy"
"41","cc  techy or  cryocurrency "
"42","elonomv is being bornxcbafdebbbaffbddb in poocoin or pancakeswatoken tokens "
"43","prediksi harga shiba inu       beli shiba inu  cryocurrency  shibainu "
"44","btcusdt buypot   utcbtc usdt binance btc usdt binancefutures bitcoin "
"45"," ifaranga ryikoranabuhangacryocurrencyisi iri kwigobotora amafaranga asanzwe afatika abantu benshi bari "
"46","thailand berusaha membangkitkan industri riwisatanya   transaksi mata uang krio "
"47"," melawan dusk  aquatic axie infinity  axieinfinity "
"48","  btcperp longed  on ftx  utc btc cryocurrency"
"49","  btcperp longed  on ftx  utc btc cryocurrency"
"50","  btcperp longed  on ftx  utc btc cryocurrency"
"51","  btcperp longed  on ftx  utc btc cryocurrency"
"52"," pertarungan slot manis airtkumlan hadiah  harimulai  des  utc  juara taruhan  deng"
"53"," nft "
"54","   min  cryocurrency  laku   a"
"55"," ntvrk cryocurrency cryo nfts pe soulluminescence "
"56","ubisoft luncurkan digits game nft   tezos xtz btc bitcoin ethereum "
"57","bnb usa finance ltc forexlifestyle cryocurrency  xrommunity bscgems wealth mist doge shib "
"58","bnb usa finance ltc forexlifestyle cryocurrency  xrommunity bscgems wealth mist doge shib "
"59","cryo cryocurrency shib shibainu shib shibarmy "
"60","cryo cryocurrency shib shibainu shib shibarmy"
"61"," cryocurrency thetanarena thc thg btc eth bnb mobanft battleroyale ayearnsa  dah main game nibetu"
"62","raoul pal macro guru has xrp describes it as phenomenal riskrewardcryo cryocurrency news"
"63"," cryocurrency thetanarena thc thg btc eth bnb mobanft battleroyale ayearnsa  dah main game nibetu"
"64","  kerjasama  setiamegang baby bali dat menikmati diskon   merchant   bekerjasama"
"65"," bitcoin  cryocurrency ta cryocurrency    bitcoin  sami salah bitcoin cryocurren"
"66"," kesuksesan   cryo  tergantung  orang   membeli aset    darida   mem"
"67","bnb usa finance ltc forexlifestyle cryocurrency  xrommunity bscgems wealth mist doge shib "
"68"," kesuksesan   cryo  tergantung  orang   membeli aset    darida   mem"
"69","    indonesia memiliki tensi      munculnya cryocurrency  indonesia s"
"70"," pertarungan slot manis airtkumlan hadiah  harimulai  des  utc  juara taruhan  deng"
"71"," facebook revokes cryocurrency advertising ban"
"72","akun bnpb indonesia  youtube diretas da kamis  akun  berganti nama  ethereum menayangkan diskusi "
"73","acclong term stocks stockstobuy stock stockstowatch trading traders trade acc cement realestate "
"74","kanaswa solana blockchain cryocurrency cryonews kanaswa"
"75"," posi posi defirevolution positionexchange bsc cryocurrency"
"76","cryo cryocurrency shib shibainu shib shibarmy "
"77","cryo cryocurrency shib shibainu shib shibarmy"
"78","gm harleyquinn omi streetart augmentedreality "
"79"," ta only  adausdt   analysis chart cryocurrency"
"80","galausdt  galausdt gala gala analysis chart cryocurrency"
"81"," proyek    oyek   bagus  oyektor  memiliki  daya tarik   "
"82"," new coin listing on coingecko micro santa coin symbol microsanta cryocurrency cryo"
"83"," facebook revokes cryocurrency advertising ban"
"84"," sistem keuangan terdesentralisasi  teknologi blockchain dilih  smilecoin  bersaing  sektor game d"
"85"," regulator keuangan jeng fsa  merancang regulasi terkait mbatasan nerbitan stablecoin  wallet reg"
"86","moonlift mltpx mltpx dyor nfa bsc bscgems bscgemsalert blockchain cryo cryocurrency "
"87"," ndangan syariat  entitas  layak dijadikan komoditas  barang bernilai jual silah abila "
"88"," facebook revokes cryocurrency advertising ban"
"89","nft tu tied  cryocurrency yg bikinnya rlu mining  tohwhat a waste of electricity"
"90","bnb usa finance ltc forexlifestyle cryocurrency  xrommunity bscgems wealth mist doge shib "
"91","cryo cryocurrency shib shibainu shib shibarmy "
"92","yuk download pluang  datkan bonus uang  r juta masukkan kode referral   ndaftaran well "
"93","cryo cryocurrency shib shibainu shib shibarmy"
"94","retreeb treeb trading comtition   treeb  rewards november   wib   december "
"95","ziex zmt trading comtition   zmt  rewards november   wib   december   "
"96","december bukn buln bgusuntk ra investor cryocryocurrency"
"97","introducing tatacoin tatatatacoin bitcoin binance bsc bnb btc cryonews cryotrading cryocurrency "
"98"," sami ketinggalan  trading eco defi ecop  probitglobaltradingpa "
"99"," nft "
"100"," investasi cryocurrency ta takut haram coba cek  fakta  "
"101","centdream centdreamshib shib shiba shibarmy shib cryo cryocurrency "
"102","ronde  dibuka sangkara misa ieo round durasi  desember   wib   "
"103"," shib"
"104"," breamking news dogebonk nasasocial cryocurrency memecoin scex tesla bsc china chinastory fed "
"105","  metakings mtk airdro airdrolink    joining bonus  mtk referral bon"
"106"," metakings mtk airdro airdrolink    joining bonus  mtk referral "
"107","cryo cryocurrency shib shibainu shib shibarmy "
"108","cryo cryocurrency shib shibainu shib shibarmy"
"109","yeeeeeeey ndabweretsa uthenga wabwino kuchokera ku odl tatsala ngono kudya logalamu yathu ya odl s "
"110","sistem keuangan terdesentralisasi  teknologi blockchain dilih  smilecoin  bersaing  sektor "
"111","regulator keuangan jeng fsa  merancang regulasi terkait mbatasan nerbitan stablecoin  wallet "
"112"," isliye  bjcryocurrency  che  huyi hai taaki gareebi kayam rahe"
"113","cryocurrency din badin taraqqi karte hi ja rahi haicryocurrency  bare mein ek bar hamare pradhanmantri n bh "
"114"," brian brooks keren ya menerangan cryocurrency keda ra dinosaurus "
"115"," pertarungan slot manis airtkumlan hadiah  harimulai  des  utc  juara taruhan  deng"
"116"," defi koin  hatihati  bank international settlement bis btc bitcoin ethereum blo"
"117"," rusahaan  entitas milik token   melindungi nilai tokennya  nyatadan  to "
"118","cryo cryocurrency shib shibainu shib shibarmy"
"119","icget ready btc eth money cryocurrency "
"120","scam krio    yaa ra ncari cuan  negara tetangga australia   orang scammer  sel "
"121"," pertarungan slot manis airtkumlan hadiah  harimulai  des  utc  juara taruhan  deng"
"122"," facebook revokes cryocurrency advertising ban"
"123"," pertarungan slot manis airtkumlan hadiah  harimulai  des  utc  juara taruhan  deng"
"124","  mendorong adoi cryocurrency "
"125"," pertarungan slot manis airtkumlan hadiah  harimulai  des  utc  juara taruhan  deng"
"126"," facebook revokes cryocurrency advertising ban"
"127"," cryo cryocurrency cardano   bitcoin btc btc "
"128"," cryo history price volume cryocurrency cardano   bitcoin btc btc "
"129"," cryo trend volume cryocurrency cardano   bitcoin btc btc "
"130"," cryo screener price cacryocurrency cardano   bitcoin btc btc "
"131"," pertarungan slot manis airtkumlan hadiah  harimulai  des  utc  juara taruhan  deng"
"132","amazon jeff bezos suort shiba inu cryocurrency  tandatangani petisi  "
"133"," pertarungan slot manis airtkumlan hadiah  harimulai  des  utc  juara taruhan  deng"
"134"," pertarungan slot manis airtkumlan hadiah  harimulai  des  utc  juara taruhan  deng"
"135"," pertarungan slot manis airtkumlan hadiah  harimulai  des  utc  juara taruhan  deng"
"136"," a kelebihan   cryocurrency  murah  berbanding rm"
"137"," pertarungan slot manis airtkumlan hadiah  harimulai  des  utc  juara taruhan  deng"
"138"," pertarungan slot manis airtkumlan hadiah  harimulai  des  utc  juara taruhan  deng"
"139"," kuwekeza investingkuwekeza ni mihimu  na unaswa kujifunza kuwekeza sa zakokuweka sa zako bank "
"140","defi koin  hatihati  bank international settlement bis btc bitcoin "
"141"," pertarungan slot manis airtkumlan hadiah  harimulai  des  utc  juara taruhan  deng"
"142"," pertarungan slot manis airtkumlan hadiah  harimulai  des  utc  juara taruhan  deng"
"143","cryo cryocurrency shib shibainu shib shibarmy "
"144","cryo cryocurrency shib shibainu shib shibarmy"
"145"," wagmi u tara xdc johannesburg qs  nav rethereum cristiano ronaldo vader zec edg ix klima ometv "
"146"," waah kfollowers arrey muh  meeta karo cryocurrency crypto indiawantscryo"
"147","     menggandrunginya ta cryocurrency alias mata uang krio  alat mbayaran y "
"148"," pertarungan slot manis airtkumlan hadiah  harimulai  des  utc  juara taruhan  deng"
"149"," no cryo ban in india  sebi "
"150"," pertarungan slot manis airtkumlan hadiah  harimulai  des  utc  juara taruhan  deng"
"151"," coval to  btc eth cro gala avax ly sol ddx vgx uni uma ctsi xyo sll bico nmr iotx "
"152","coval to  btc eth cro gala avax ly sol ddx vgx uni uma ctsi xyo sll bico nmr iotx "
"153"," pertarungan slot manis airtkumlan hadiah  harimulai  des  utc  juara taruhan  deng"
"154"," pertarungan slot manis airtkumlan hadiah  harimulai  des  utc  juara taruhan  deng"
"155","  kelimalimanya udah  insyaallah aman hehehe ta inget analisis teknikal  nting yahjoin channel telegra"
"156"," pertarungan slot manis airtkumlan hadiah  harimulai  des  utc  juara taruhan  deng"
"157","wagmi u tara xdc johannesburg qs  nav rethereum cristiano ronaldo vader zec edg ix klima "
"158","channel youtube bnpb diretas   informasi aset krio "
"159","analisa saham pilihan     desember  komsiana youtube video viral idx "
"160"," pertarungan slot manis airtkumlan hadiah  harimulai  des  utc  juara taruhan  deng"
"161"," pertarungan slot manis airtkumlan hadiah  harimulai  des  utc  juara taruhan  deng"
"162","analisa saham pilihan     desember  komsiana youtube video viral idx "
"163","a short story shib shib shibarmy shibafloki elonmusk elon bitcoin cryocurrency shib eth btc sol "
"164","  kelimalimanya udah  insyaallah aman hehehe ta inget analisis teknikal  nting yahjoin channel telegra"
"165"," iykyk link "
"166","efek jual beli cryocurrency a batuk batukbsenyum senyumcdlldefeg"
"167"," kelimalimanya udah  insyaallah aman hehehe ta inget analisis teknikal  nting yahjoin channel "
"168"," pertarungan slot manis airtkumlan hadiah  harimulai  des  utc  juara taruhan  deng"
"169","usdtsbt bittrex gained  in the last  min sbt cryocurrency "
"170"," pertarungan slot manis airtkumlan hadiah  harimulai  des  utc  juara taruhan  deng"
"171","game jaman sddat reward cryocurrency gaismonggo disimakreview bahasa dreamboat cryovszombie "
"172"," pertarungan slot manis airtkumlan hadiah  harimulai  des  utc  juara taruhan  deng"
"173","cryo cryocurrency shib shibainu shib shibarmy "
"174","cryo cryocurrency shib shibainu shib shibarmy"
"175"," investor cryocurrency serti   memalingkan rhatian terhadadua aset cryo  the sandbox d "
"176"," nft airdro serp cryocurrency playtoearn cryo "
"177"," nggak ta marketace  ngejualin tuh contoh si baverse  onsea  jual kai cryocurrency kaya bitcoinn"
"178"," pertarungan slot manis airtkumlan hadiah  harimulai  des  utc  juara taruhan  deng"
"179","bergabunglah  omosi habanero u raih total hadiah     idr    "
"180"," pertarungan slot manis airtkumlan hadiah  harimulai  des  utc  juara taruhan  deng"
"181"," pertarungan slot manis airtkumlan hadiah  harimulai  des  utc  juara taruhan  deng"
"182"," pertarungan slot manis airtkumlan hadiah  harimulai  des  utc  juara taruhan  deng"
"183"," pertarungan slot manis airtkumlan hadiah  harimulai  des  utc  juara taruhan  deng"
"184"," pertarungan slot manis airtkumlan hadiah  harimulai  des  utc  juara taruhan  deng"
"185"," pertarungan slot manis airtkumlan hadiah  harimulai  des  utc  juara taruhan  deng"
"186"," pertarungan slot manis airtkumlan hadiah  harimulai  des  utc  juara taruhan  deng"
"187"," kolaborasi litedex protocol  klub basket hangtuah  mbinaan basket usia muda  ajang bergengsi invit"
"188"," days to go      acara ambassador training cam   nasaran  keser "
"189"," pertarungan slot manis airtkumlan hadiah  harimulai  des  utc  juara taruhan  deng"
"190"," pertarungan slot manis airtkumlan hadiah  harimulai  des  utc  juara taruhan  deng"
"191","semalem cuman hearing doang  make sure  dinosaurus   ham  cryocurrency "
"192","brse blockchain real estate media tggi doge shib innd hmbl mngg dfco cidx "
"193"," pertarungan slot manis airtkumlan hadiah  harimulai  des  utc  juara taruhan  deng"
"194"," pertarungan slot manis airtkumlan hadiah  harimulai  des  utc  juara taruhan  deng"
"195"," pertarungan slot manis airtkumlan hadiah  harimulai  des  utc  juara taruhan  deng"
"196"," pertarungan slot manis airtkumlan hadiah  harimulai  des  utc  juara taruhan  deng"
"197"," pertarungan slot manis airtkumlan hadiah  harimulai  des  utc  juara taruhan  deng"
"198"," pertarungan slot manis airtkumlan hadiah  harimulai  des  utc  juara taruhan  deng"
"199"," pertarungan slot manis airtkumlan hadiah  harimulai  des  utc  juara taruhan  deng"
"200"," pertarungan slot manis airtkumlan hadiah  harimulai  des  utc  juara taruhan  deng"
"201"," pertarungan slot manis airtkumlan hadiah  harimulai  des  utc  juara taruhan  deng"
"202"," pertarungan slot manis airtkumlan hadiah  harimulai  des  utc  juara taruhan  deng"
"203"," pertarungan slot manis airtkumlan hadiah  harimulai  des  utc  juara taruhan  deng"
"204"," pertarungan slot manis airtkumlan hadiah  harimulai  des  utc  juara taruhan  deng"
"205"," pertarungan slot manis airtkumlan hadiah  harimulai  des  utc  juara taruhan  deng"
"206"," pertarungan slot manis airtkumlan hadiah  harimulai  des  utc  juara taruhan  deng"
"207","pertarungan slot manis airtkumlan hadiah  harimulai  des  utc  juara taruhan h "
"208"," htr gta cryo nft bitcoin  hathor nfts in gta  metaverse nftartist  "
"209","dgik bikin horechannel rekomendasi saham swing  cryocurrency   "
"210"," hbar hbar memes btc cryo cryocurrency "
"211","hbar hbar memes btc cryo cryocurrency "
"212"," rile xrp lakukan pendekatan nyata da regulasi cryocurrency    "
"213","rile xrp lakukan pendekatan nyata da regulasi cryocurrency    "
"214","bitcoin rachains web algorand ethereum brianbrooks cryo cryocurrency cryotrading "
"215"," x hidden gems potential platform loyalty reward am cashback rtama  indonesia  mengutam "
"216"," x hidden gems potential platform loyalty reward am cashback rtama  indonesia  mengutam "
"217","cryo cryocurrency shib shibainu shib shibarmy "
"218","cryo cryocurrency shib shibainu shib shibarmy"
"219","best jugak invest cryocurrency ni husband  tiamalam check bitcoin nya gra tu "
"220"," cryocurrency   screenshot tu  binance bitcoin cardano  ethereum ta oion  coin"
"221"," bentuk berinvestasi aman  cryocurrency  desito aset staking "
"222","bentuk berinvestasi aman  cryocurrency  desito aset staking "
"223"," sia  sia tau  "
"224"," cryocurrency vs art zgyh dwac sq mu seah nio twtr gme xrp link comp  uni "
"225","usdtsbt bittrex gained  in the last  min sbt cryocurrencytrading "
"226"," pengantar  hyrsonic finance  solusi mbayaran digital  ekosistem oduk y "
"227"," kerjasama  setiamegang baby bali dat menikmati diskon   merchant   bekerjasa "
"228","   nuh kebahagiaannftart cryocurrency cryo nfts onsea "
"229","cryo cryocurrency shib shibainu shib shibarmy "
"230","cryo cryocurrency shib shibainu shib shibarmy"
"231"," bdhrsucofuszhvhuyxfyezqgecsfbgxzq nft solananft sol cryocurrency"
"232","yuk download pluang  datkan bonus uang  r juta masukkan kode referral   ndaftaran well "
"233","gala gala stapump gala buyy gobitcoin bnb bsc defi binancesmartchain binance ethereum eth usdt "
"234","yuk download pluang  datkan bonus uang  r juta masukkan kode referral   ndaftaran well "
"235","gala gala pump gala  busd bloktoa metaverse raca blok hero web mask bitcoin bnb bsc defi "
"236"," metaverse  dunia gamedigital aset   dendigivestasi investasi investor"
"237","gala gala buy gala lst btstamp boooooommmmmmeta metaverse jasmycoin mask bitcoin bnb bsc defi busd "
"238","gala gala boomm gala galausdt meta metaverse bitcoin bnb bsc defi busd binancesmartchain binance btc "
"239","    indonesia memiliki tensi      munculnya cryocurrency  indonesia s"
"240"," steby steuntuk   binancethread  ditulis  orang   nak  laburan  bitcoin  c"
"241","blockchain digitalarms nft hntr hntr cryocurrency "
"242","cryo cryocurrency shib shibainu shib shibarmy "
"243","cryo cryocurrency shib shibainu shib shibarmy"
"244","waxwax moonshibarmy shib shib bitcoin cryocurrency cryo forex digitalassets cryotwitter "
"245","  eosperp longed  on ftx  utc eos cryocurrency"
"246","  eosperp longed  on ftx  utc eos cryocurrency"
"247","  xrpperp longed  on ftx  utc xrp cryocurrency"
"248","  xrpperp longed  on ftx  utc xrp cryocurrency"
"249","mutualan yuk zonaba zonauang cryocurrency airdrop"
"250"," cryo cryocurrency blockchain altcoin bitcoin ethereum btc eth xrbnb avax eos fomo metaverse nft shinja"
"251"," htr  usdt  btc eth uni sushi matic "
"252","cryo cryocurrency shib shibainu shib shibarmy"
"253"," woohoohoo cryogiveaway lets gooooooodnky wadia bscgem cryocurrency token ncakeswawe"
"254","woohoohoo cryogiveaway lets gooooooodnky wadia bscgem cryocurrency token "
"255"," so nice guys vfgshrwmraudtqvukfazhbbnrhkfaece "
"256"," oklg oklg cryocurrency "
"257","ntvrk cryocurrency cryo nfts pe soulluminescence "
"258","cryo cryocurrency shib shibainu shib shibarmy"
"259","cryo cryocurrency shib shibainu shib shibarmy "
"260"," facebook revokes cryocurrency advertising ban"
"261"," facebook revokes cryocurrency advertising ban"
"262","  sendmeanycoin xabdabcdddcfefa bepemywalletarealwaysonthemoon "
"263"," sendmeanycoin xabdabcdddcfefa bepemywalletarealwaysonthemoon  "
"264","  sendmeanycoin xabdabcdddcfefa bepemywalletarealwaysonthemoon e"
"265","to gaining cryocurrency this hour cgld or cgld ddx or ddx wluna or wluna sushi or sushi "
"266"," cryoisland cisla cisla cislaarmy cislax cryoislandgroucryocurrency c"
"267"," sendmeanycoin xabdabcdddcfefa bepemywalletarealwaysonthemoon  "
"268"," wooooohooooo cryo cryocurrency hodl btceth "
"269"," facebook revokes cryocurrency advertising ban"
"270","cryo cryocurrency shib shibainu shib shibarmy"
"271","cryo cryocurrency shib shibainu shib shibarmy "
"272","binance bitcoin shib cryocurrency "
"273"," breamking news dogebonk nasasocial cryocurrency memecoin scex tesla bsc china chinastory fed "
"274"," facebook revokes cryocurrency advertising ban"
"275","cryo cryocurrency shib shibainu shib shibarmy"
"276","cryo cryocurrency shib shibainu shib shibarmy "
"277"," semoga beruntung bsc cryocurrency airdrop"
"278","komodo kmd kmdshibarmy shib shib bitcoin cryocurrency cryo forex digitalassets cryotwitter "
"279","kmd kmd komodo shibarmy shib shib bitcoin cryocurrency cryo forex digitalassets cryotwitter "
"280"," shib shibarmy shibaswashibainucoin shiba shibainu shib cryocurrency tothemoon cryo "
"281"," facebook revokes cryocurrency advertising ban"
"282"," adai  adai adaiy adainetworkcoinbase cryo cryocurrency tezos benzin "
"283","viraaa bismillah  adai  adai adaiy adainetworkcoinbase cryo cryocurrency tezos "
"284","bnb usa finance ltc forexlifestyle cryocurrency  xrommunity bscgems wealth mist doge shib "
"285"," get that bag kiba  kibainu cryocurrency bnb "
"286","  galausdt longed  on binance  utc gala cryocurrency"
"287"," get that bag kiba  kibainu cryocurrency bnb "
"288","cryo cryocurrency shib shibainu shib shibarmy"
"289"," hajarrcryocurrency playtoearn cryo"
"290","cryo cryocurrency shib shibainu shib shibarmy "
"291","hdl algo headline algo algorandforum algoswaalgopay algocloud libranetwork "
"292"," facebook revokes cryocurrency advertising ban"
"293"," kiba flexing  kibainu cryocurrency "
"294","jabardast business jismein aaai income ko bahut teji  growth kar sakte hain cryocurrency mein behtar city a "
"295"," all done tg  "
"296","cryo cryocurrency shib shibainu shib shibarmy"
"297","jar free money kucoin cryptocurrency crypto gdt inx ath algo uni xtz ftm hnt xrp btc pump lpt "
"298","cryo cryocurrency shib shibainu shib shibarmy "
"299"," facebook revokes cryocurrency advertising ban"
"300"," facebook revokes cryocurrency advertising ban"
"301"," lombok lombok indonesia cryocurrency fanart "
"302"," great mtrg mtrg emtrg kucoin defi cryocurrency layer volt voltswa "
"303","finally  mtrg  mtrg emtrg kucoin defi cryocurrency layer volt voltswameterverse "
"304","amamsd ambtc eth bitcoin doge cryocurrency trading technicalanalysis btc eth "
"305"," facebook revokes cryocurrency advertising ban"
"306"," mani mela goindhan mattteeeee vaanaambaa rahiofootwork nothingsstoingus "
"307","m  berhasil meredam inflasi akah cryocurrency  memiliki nilai strategis "
"308","  tementemen  newbie  cryocurrencyjangan beli token iniini udah scam develor nya bawa kabur"
"309","mr satan nfts nft nftart nftartist nftcollector cryoart digitalart nftcommunity art cryo ethereum "
"310","   gue tau sih trading  macem intinya mah jualbeli  saham forex  emas termasu "
"311","cryo cryocurrency shib shibainu shib shibarmy"
"312"," facebook revokes cryocurrency advertising ban"
"313","to coins by day altrank xtz tezoslink chainlinkeos eoslto ltonetworkxrxrnear "
"314","cryocurrency hot in futuresaxs  yfi  sxp  mtl  "
"315"," elonone hodl safe doge hoge paid cat husky poodl wolfy tdef ydoge spmk wenr blmn akita shibcryoking "
"316"," hodl safe doge hoge feg paid cat husky poodl wolfy tdef ydoge spmk wenr blmn akita shibcryoking cry"
"317"," hodl safe doge hoge feg paid cat husky poodl wolfy tdef ydoge spmk wenr blmn akita shi"
"318"," hodl safe doge hoge feg paid cat husky poodl wolfy tdef ydoge spmk wenr blmn akita shibcry"
"319"," facebook revokes cryocurrency advertising ban"
"320","akro cryo cryocurrency signals bitcoin blockchain"
"321"," facebook revokes cryocurrency advertising ban"
"322"," steby steuntuk   binancethread  ditulis  orang   nak  laburan  bitcoin  c"
"323"," ryoshiswacryocurrency via "
"324","  sendmeanycoin xabdabcdddcfefa bepemywalletarealwaysonthemoon e"
"325","cryo cryocurrency shib shibainu shib shibarmy"
"326","cryo cryocurrency shib shibainu shib shibarmy "
"327","i am very hay to rticite lets join in good luck gslbj "
"328","cryoisland cisla cisla cislaarmy cislax cryoislandgrou "
"329","    tertarik cryocurrency   rkembangan     sat fenomenanya cryocurre"
"330"," sendmeanycoin xabdabcdddcfefa bepemywalletarealwaysonthemoon  "
"331","   tertarik cryocurrency   rkembangan     sat fenomenanya cry "
"332"," cryocurrency vs art zgyh dwac sq mu seah nio twtr gme xrp link comp  uni "
"333","a short story shib shib shibarmy shibafloki elonmusk elon bitcoin cryocurrency shib eth btc sol "
"334","cryo cryocurrency blockchain altcoin bitcoin ethereum btc eth xrbnb avax eos fomo metaverse "
"335","  belajar banget  krioversiry  blockchain  lainlain  a  "
"336"," cryoisland cisla cisla cislaarmy cislax cryoislandgro"
"337"," unakuta bado kuna mtu haamini wala hataki kuwekeza kwenye cryocurrencymama mwenyewe alisimama nakuzungumziaraisi wa"
"338"," proyek bagus   den temanteman bergabunglah  komunitas  "
"339","cryo cryocurrency shib shibainu shib shibarmy"
"340","cryo cryocurrency shib shibainu shib shibarmy "
"341","  sobat litedex  nasaran gimana sih skema deeliquidity ol litedex yuk disimak litedex litedexprotoco"
"342"," decentralized exchange rtama  indonesia  buatan anak bangsa  nih litedex litedexprotocol ldx cryocu"
"343"," sobat litedex   investasi  litedex nting banget nih  simak info  vesting period  rlu ra"
"344"," iykyk link "
"345"," iykyk link "
"346"," iykyk link "
"347"," iykyk link "
"348","dar dar buyy dar pump busd bloktoa metaverse raca blok hero web mask bitcoin bnb bsc defi "
"349"," wonderful oject bfnqlqsvtxqgnsntkjbteuyemntspmmbbtxsol solanaairdromemecoin cryocurrency"
"350","iykyk link "
"351","metaverse  dunia gamedigital aset   dendigivestasi investasi "
"352","pakai cryocurrency skrg dah mat check balance     hahah "
"353","  btcperp longed  on ftx  utc btc cryocurrency"
"354","cryocurrency fil filecoin web btc eth bnb   filecoin ni  coin    web  "
"355","  btcperp longed  on ftx  utc btc cryocurrency"
"356"," posi posi positionexchange bsc cryocurrency hodl"
"357","  market merah berdarah    cocok  akumulasi bebera coin fundamentalrekomendasi coin cryo m"
"358"," proyek    oyek   bagus  oyektor  memiliki  day "
"359"," bitcoin horoscope follow along financialastrology astrology altcoin altseason buythedishib "
"360"," cryoisland cisla cisla cislaarmy cislax  "
"361"," cryocurrency   screenshot tu  binance bitcoin cardano  ethereum ta oion  coin  n "
"362","cryo cryocurrency shib shibainu shib shibarmy"
"363","cryo cryocurrency shib shibainu shib shibarmy "
"364"," iyo kitu inauma san me nimejikunja siku zote kumbe naga sound rody la cryocurrency "
"365"," facebook revokes cryocurrency advertising ban"
"366"," mengakui kebangkitan cryocurrency kongres berharauntuk mengembangkan sikayang   mata uang  "
"367"," ran bursa sar cryocurrency  memfasilitasi investasi  cryocurrency  transaksi terkait rtu "
"368","cryo jual beli coin  rtama denger mikirnya gitu   tet cryocurrency    mat "
"369","mka leo bado sijui cryocurrency huwork aje"
"370","ayo baca krio regulasi nft bitcoin binancesmartchain"
"371"," facebook revokes cryocurrency advertising ban"
"372","shibarmy shib shib bitcoin cryocurrency cryo forex digitalassets cryotwitter stockmarkets stonks "
"373"," facebook revokes cryocurrency advertising ban"
"374"," nak   nak    korang terksa  kena belajar sal benda  like cryocurrency and so on  biarkan"
"375","cryo cryocurrency shib shibainu shib shibarmy"
"376"," great oject with massive tential bnbxgftjqxjdfhugx "
"377","hi ideafams ceo twitter jack dorsey  memutuskan  resign   fokus  dunia cryocurrency "
"378","cryo cryocurrency shib shibainu shib shibarmy "
"379"," kabar        boking hotel tiket sawat   datkan inf"
"380"," shoext diomosikan  mitra strategis  shoe vietnamshoext  masuk  portofolio avstar  loh"
"381","    ruang cryocurrency bitcoincash bacalah  artikel   menambah ngetahuanmu"
"382","  bergerak  berkembang  cetharuskah takut  bubble    wajar  rtukar "
"383","  nasaran nihakah oyek proboscis club dijalankan  tim  terrcaya  m"
"384"," moonnft "
"385","shibarmy shiba shibainucoin cake nclh aal spg rcl dri ua bbby gme amc play "
"386","ntarc ntarn ntar "
"387"," this is amazing oject bvqmwwuj "
"388"," fox great dibuy here btc eth cro gala req  sand a bat algo enj ogn ddx vgx sol a"
"389","fox great dibuy here btc eth cro gala req  sand a bat algo enj ogn ddx vgx "
"390","nak   nak    korang terksa  kena belajar sal benda  like cryocurrency and so on janga "
"391"," waow great  airdro bitcoin cryocurrency pirrot prg eth bnb"
"392"," facebook revokes cryocurrency advertising ban"
"393","cryo cryocurrency shib shibainu shib shibarmy"
"394","  coin  nguntungin ta  pemula  coinini  cryocurrency  cocok  aganagan semu "
"395","cryo cryocurrency shib shibainu shib shibarmy "
"396"," join good ojectbvyixnlfgykkezqlrddvstsqkqnrpvw  "
"397","cryocurrency btc eth bnb huobiglobal binancebnb   serti harga ethereum  seles nibaca sin "
"398"," facebook revokes cryocurrency advertising ban"
"399"," kolaborasi litedex protocol  klub basket hangtuah  mbinaan basket usia muda  ajang bergengsi invit"
"400"," sendmeanycoin xabdabcdddcfefa bepemywalletarealwaysonthemoon  "
"401"," nft airdroserp cryocurrency playtoearn cryo "
"402"," nft airdroserp cryocurrency playtoearn cryo"
"403","   engn to the moon    engn"
"404"," unakuta bado kuna mtu haamini wala hataki kuwekeza kwenye cryocurrencymama mwenyewe alisimama nakuzungumziaraisi wa"
"405"," kya hua cryocurrency ka omotion subscriion khatam hua kya"
"406","urade taoot udah berjalan hamr sebulan ta bitcoin  on fire   a aja sih  ditingkatin "
"407"," serti  diumumkan  hak valve nihpihak   nghasan game blockchain  atformnya steam"
"408","cryo cryocurrency shib shibainu shib shibarmy"
"409"," facebook revokes cryocurrency advertising ban"
"410","     aset cryo rtama   beli duludigiassetindoexchange digiassetindo digiasset cryo"
"411"," po kalender meja custom harga kdom solominat  dmindianarmy taekook sunghoon cryocurrency "
"412"," po kalender meja custom  yapo   shoenya magicshotanyak  dmdom solobts "
"413","  sendmeanycoin xabdabcdddcfefa bepemywalletarealwaysonthemoon cryo "
"414"," gm gabung  komunitas stacks indonesia  tau uate terbaru komunitas blockstacks telegram "
"415"," dadi  mu join  "
"416","raksasa mbayaran visa  mengumumkan mbentukan unit nasihat   berfokus da cryocurrency  m "
"417","cryo cryocurrency shib shibainu shib shibarmy"
"418"," i like this ojectsthats great "
"419","cryo cryocurrency shib shibainu shib shibarmy "
"420","temen  aset sia a aja emng gua cryocurrency  emas doangtemen laki  invest emasgua henceut "
"421"," kabar        boking hotel tiket sawat   datkan inf"
"422","a short story shib shib shibarmy shibafloki elonmusk elon bitcoin cryocurrency shib eth btc sol "
"423","    aset cryo rtama   beli duludigiassetindoexchange digiassetindo digiasset "
"424"," kanye westnfts nft nftart nftartist nftcollector cryoart digitalart nftcommunity art cryo ethereum cr"
"425","bonkbinance binancesmarchain bsc cryotrading cheemsinu altcoin cryocurrency"
"426"," sendmeanycoin xabdabcdddcfefa bepemywalletarealwaysonthemoon cryo "
"427"," polygon matic membentuk pantulan  kuat akah ath   tujuan btc bitcoin ethere"
"428","direktur central intelligence agency cia   william burns  ndahulunya  badan merintah terse "
"429","  gt bepvxv albt qnt sol ftm qbit hbar mrph lgcy ohm kda strong xdc vra  avax "
"430","cryo cryocurrency shib shibainu shib shibarmy"
"431","cryo cryocurrency shib shibainu shib shibarmy "
"432"," berdasarkan jajak ndat terbaru    grayscale minat investor terhadabitcoin etf berbasis st"
"433"," insiden retasan aset digital berhasil lolos  membawa    luh token  bnb safemoon bs"
"434","cryocurrency hot in futuresuni  celo  dash  sxp  "
"435","kesuksesan   cryo  tergantung  orang   membeli aset    darida   "
"436","cryocurrency shibarmy shib ayside btc eth bnb usdt  shiba army   berita nibaca "
"437"," facebook revokes cryocurrency advertising ban"
"438"," visa kartu kredit  lirik bisnis cryocurrency "
"439"," hajar bitcoin metaverse metanft "
"440","polygon matic membentuk pantulan  kuat akah ath   tujuan btc bitcoin "
"441","yukkkk guys yg  hasilkan cuan  cryocurrency   mata uang cryo yg   dtkan  situs "
"442","buy engn or get rekt altcoingems cryocurrency ethereum binance bitcoin"
"443","    oyek   bagus  oyektor  memiliki  daya tarik "
"444","cryo cryocurrency shib shibainu shib shibarmy"
"445","cryo cryocurrency shib shibainu shib shibarmy "
"446"," kolaborasi litedex protocol  klub basket hangtuah  mbinaan basket usia muda  ajang bergengsi invit"
"447"," gm gabung  komunitas stacks indonesia  tau uate terbaru komunitas blockstacks telegram "
"448"," facebook revokes cryocurrency advertising ban"
"449"," uamdmulqubrhbuqxzydptdayimkrpbddeq nft solanaairdrosol cryocurrency"
"450","woow artist nft metaverse meta nft cool blockchain cryocurrency cryocurrencynews nfts "
"451"," shib for a short term for binanceshibusdt by keyoneghorbani shibusdt shib analysis chart signal cryocurrency sh"
"452","semoga  oject    echangy bsc polygon nfts airdro cryocurrency"
"453"," cryocurrency  e itna jaldi ghareeb ho sakta banda"
"454","gm gabung  komunitas stacks indonesia  tau uate terbaru komunitas blockstacks telegram  "
"455","shib for a short term for binanceshibusdt by keyoneghorbani shibusdt shib analysis chart signal "
"456","cwarusdt is testing the uer trendline for kucoincwarusdt by ancton cwarusdt cwar analysis chart "
"457"," on for long for kucoinmanausdt by smss manausdt  analysis chart cryocurrency  "
"458","hadirlah  xdc indodax btc shiba cryocurrency"
"459","   bikin kelanjutannya   misirorojonggrangdan   pejabatnarsista   "
"460","cryocurrency am blockchain tetiba  trending and tetiba  ramai jugak orang rsoalkan riba  bank   "
"461"," cryo karya anak bangsa misa token melantai  bursa  negeri btc bitcoin ethereum bloc"
"462","  eosperp longed  on ftx  utc eos cryocurrency"
"463","cryo cryocurrency shib shibainu shib shibarmy"
"464"," jam  ayo sian rtanyaan  tim misa token dimana founder  misa token    rtan "
"465","cryo cryocurrency shib shibainu shib shibarmy "
"466","amazon jeff bezos suort shiba inu cryocurrency  tandatangani petisi  "
"467","domt mata uang krio  wallet cryocurrency  ogram software  merukan kunci   untu "
"468"," kankan kasih tanggan  cryocurrency   marak  kalangan kaum muda  era digitalisasi "
"469"," proyek    oyek   bagus  oyektor  memiliki  day "
"470","trade cryonews cardanocommunity saitamawolfpack shibanet defi leash binance usa  veg "
"471","berdasarkan jajak ndat terbaru    grayscale minat investor terhadabitcoin etf berbasis "
"472"," krn in now hotbit usdtether krn kryza cryocurrency  "
"473"," cryo cryocurrency cardano   bitcoin btc btc "
"474"," cryo history price volume cryocurrency cardano   bitcoin btc btc "
"475"," cryo trend volume cryocurrency cardano   bitcoin btc btc "
"476"," cryo screener price cacryocurrency cardano   bitcoin btc btc "
"477","cryo karya anak bangsa misa token melantai  bursa  negeri btc bitcoin ethereum "
"478"," bitcoin bitcoinminingdogecoin dogecoin cryocurrencyshibainueos"
"479"," legendary  kibainu cryocurrency binance "
"480"," gvqibthhrjsrgqdnvqgijlvqevgwvtdk "
"481","insiden retasan aset digital berhasil lolos  membawa    luh token  bnb safemoon "
"482","amazon jeff bezos suort shiba inu cryocurrency  tandatangani petisi  "
"483","cryo cryocurrency shib shibainu shib shibarmy"
"484","cryo cryocurrency shib shibainu shib shibarmy "
"485"," tg pinksale theessentialcoin ico bscgems"
"486"," kolaborasi litedex protocol  klub basket hangtuah  mbinaan basket usia muda  ajang bergengsi invit"
"487","kolaborasi litedex protocol  klub basket hangtuah  mbinaan basket usia muda  ajang bergengsi in "
"488","amazon jeff bezos suort shiba inu cryocurrency  tandatangani petisi  "
"489"," cisla cisla cisla cislaarmy cislax cryoislandgroucryocurrency cryo bina"
"490","kanye westnfts nft nftart nftartist nftcollector cryoart digitalart nftcommunity art cryo ethereum "
"491"," facebook revokes cryocurrency advertising ban"
"492","    mengendorse pi network hati  rawan "
"493","sign shibacoin shiba shib shibarmy shiba shib shibaarmy "
"494"," cisla cisla cisla cislaarmy cislax cryoislandgroucryocurrency cryo bina"
"495"," magnificent project diqhjoywvgstlgwsmfnstqpuftthbxbescq "
"496"," facebook revokes cryocurrency advertising ban"
"497"," cecdiojghxctnbxufxloxlxgwwvclbvesbbrutz nft solanaairdrosol cryocurrency"
"498"," kabar        boking hotel tiket sawat   datkan inf"
"499"," facebook revokes cryocurrency advertising ban"
"500"," listingshiba bitcoin shibtc  probitglobal da desember trading pairs shibtcusdt desit desember"
"501"," prediksi teknikal  desember bitcoin  ethereum btc bitcoin ethereum blockchain cryocur"
"502","srtg bullishchannel rekomendasi saham swing  cryocurrency   "
"503","cryo cryocurrency shib shibainu shib shibarmy"
"504","trade cryonews cardanocommunity saitamawolfpack shibanet defi leash binance usa  veg "
"505","web   evolusi internet dr ndahulunya web   web  yg    dgn tekhnologi yg lbh "
"506","listingshiba bitcoin shibtc  probitglobal da desember trading pairs shibtcusdt desit desem "
"507"," facebook revokes cryocurrency advertising ban"
"508","prediksi teknikal  desember bitcoin  ethereum btc bitcoin ethereum blockchain "
"509","  cryocurrency bitcoincash fee transaksinya murah"
"510"," menteri keuangan nirmala sitharaman    skulasi  cryocurrency  skulasi   "
"511"," krn in now hotbit usdtether krn kryza cryocurrency  "
"512","cryo cryocurrency shib shibainu shib shibarmy"
"513","  istilah  muncul terkaitan dunia cryocurrency nih teman igo  kemajuan teknologi  memunculkan e "
"514","  banget istilah    ruang digital  cryocurrency  koin  token  buny "
"515","cryo cryocurrency shib shibainu shib shibarmy "
"516"," good oject  so "
"517","tiahari  aja mention  cryo abal abal   udah bikin cryocurrency abal abal "
"518","yuk download pluang  datkan bonus uang  r juta masukkan kode referral   ndaftaran well "
"519","yuk download pluang  datkan bonus uang  r juta masukkan kode referral   ndaftaran well "
"520"," cryoisland cisla cisla cislaarmy cislax  "
"521","shiba inu berkembang  pesat   pembayaran     juta hotel shib  rilis  bybit "
"522"," cisla cisla cisla cislaarmy cislax cryoislandgroucryocurrency cryo bina"
"523","dibearish market  udah nyerok a aja nih hehegabung channel telegram suhu krio  "
"524"," facebook revokes cryocurrency advertising ban"
"525","cryo cryocurrency shib shibainu shib shibarmy"
"526","     bebera sistem cryocurrency   dibangun  metode insiya serti  "
"527","cryo cryocurrency shib shibainu shib shibarmy "
"528"," nyaman   tetlove dating relationshi relationshioals cuteass cryocurrency"
"529"," berylbit cryo cryocurrency"
"530","   wibayo kenalan  token rtama  indonesia  aset nyatamisa token ama "
"531"," facebook revokes cryocurrency advertising ban"
"532","diet yuk kai remh diet cryocurrency lisa sunghoon "
"533"," kabar        boking hotel tiket sawat   datkan inf"
"534","analisa saham pilihan     desember  komsiana youtube video viral idx "
"535","nfts a     gambar cryocurrency  "
"536","cryocurrency main nivesh and hold ko lekar kal jo rumor thi clarification aa gya hai dekh le sabhi mitragan "
"537"," cisla cisla cisla cislaarmy cislax cryoislandgroucryocurrency cryo bina"
"538"," cisla cisla cisla cislaarmy cislax cryoislandgroucryocurrency cryo "
"539"," sok iye banget ngomentarin negara orang ditambah insultingidulw aja  ngaregive away cryocurrency"
"540","kabar        boking hotel tiket sawat   datkan "
"541"," dogo nft solanaairdrosol cryocurrency fysubte "
"542"," tg pinksale theessentialcoin ico bscgems"
"543","  sendmeanycoin xabdabcdddcfefa bepemywalletarealwaysonthemoon cryo "
"544"," sendmeanycoin xabdabcdddcfefa bepemywalletarealwaysonthemoon cryo "
"545","would yasuhiro hagakure be into cryocurrency"
"546","cryo cryocurrency shib shibainu shib shibarmy"
"547","cryo cryocurrency shib shibainu shib shibarmy "
"548","  chinese ovinces inner mongolia yunnan xinjiang qinghai sichuan anhui hebei jiangsu zhejiang fuj "
"549"," wow gue baca  reuters volume njualan nft udah sam us  miliar  kuartal iii    tau  dalem lag"
"550"," good oject from solana network fmivkrrlikzxqetdklsitn "
"551"," seneng dadi  mu join  "
"552","situasi gambling   logika gamngku  bisnis megang  btc   sembarangan melesnya k "
"553"," xadabfafccbfbbbdbe  "
"554"," thanks sir nft "
"555","  nasaran nihakah oyek proboscis club dijalankan  tim  terrcaya  m"
"556"," menteri keuangan nirmala sitharaman    skulasi  cryocurrency  skulasi   "
"557"," best wishes for qosgqkjmxkzaabuhoudrex "
"558","  nasaran nihakah oyek proboscis club dijalankan  tim  terrcaya  m"
"559","cryo cryocurrency shib shibainu shib shibarmy"
"560","intinya belajarbelajar am belajar  bolokuh saham sahamindonesia sahammula sahamgorengan  "
"561","cryocurrency ban coming soon in india  akash banerjee btc btt klv trxmining "
"562","  ndangan    den shiba  cerahcryocurrency shibarmy "
"563","intinya belajarbelajar am belajar  bolokuh saham sahamindonesia sahammula sahamgorengan scalrs "
"564","cryo cryocurrency shib shibainu shib shibarmy "
"565"," nft airdro serp cryocurrency playtoearn cryo "
"566","intinya belajarbelajar am belajar  bolokuh scalrs cryocurrency cryo cryoindonesia cryonews "
"567","blockchain digitalarms nft hntr hntr cryocurrency "
"568","mining rig kit ethereum monero on air case  gpu psu cpu ssd no gpus cryo cryocurrency bitcoin "
"569","shib "
"570"," da nya cryo nganggur nih masukin  tiahari  miningcryo defimining cryocurrency mexc btc "
"571","cryocurrency  a"
"572"," tg pinksale theessentialcoin ico bscgems"
"573"," gercebang cryocurrency playtoearn cryo"
"574","  yuk teman  nya  tinggal    gratis  yfic   daftar klik link dibawah  "
"575","cryo cryocurrency shib shibainu shib shibarmy"
"576","  sendmeanycoin xabdabcdddcfefa bepemywalletarealwaysonthemoon cryo "
"577"," days to go      acara ambassador training cam   nasaran  keser "
"578"," sendmeanycoin xabdabcdddcfefa bepemywalletarealwaysonthemoon cryo "
"579","cryo cryocurrency shib shibainu shib shibarmy "
"580","   suka trading ta ga  merhatiin cryonya setiasaat  metode swing trading cocok  k "
"581"," nft "
"582"," yuk teman  nya  tinggal    gratis  yfic   daftar klik link dibawah "
"583"," xlm  federal reserve  moonxlm stellar altcoins altcoin altcoinseason cryocurrency blockchain cryonews inve"
"584"," semangatpssairdroprojectperseus airdro "
"585","cryo cryocurrency shib shibainu shib shibarmy"
"586"," to cryocurrency gainers  hrs in tezos xtz bittorrent btt omg omg bitcoinsv bsv har"
"587"," nice ojectnft solanaairdrosol cryocurrencybh "
"588"," join bro dogonft "
"589","xlm  federal reserve  moonxlm stellar altcoins altcoin altcoinseason cryocurrency blockchain "
"590","to cryocurrency gainers  hrs in tezos xtz bittorrent btt omg omg bitcoinsv bsv "
"591"," cryocurrency vs art zgyh dwac sq mu seah nio twtr gme xrp link comp  uni "
"592"," facebook revokes cryocurrency advertising ban"
"593","cryo cryocurrency shib shibainu shib shibarmy"
"594","shib "
"595","cryo cryocurrency shib shibainu shib shibarmy "
"596"," ubxaqkumxyjeagvvttkbnkzgbupicdwwwcmsqm nft "
"597","bera  cryocurrency"
"598","john ehlers adaive rsi orealtime trading markets stockmarket trader stocks "
"599","suku suku sukuusdt will be listed on mexcglobal tomorrow   dec  at  utcsuku mexcglobal "
"600"," oqkuenfglbugekcpnhnfxdlijrgwmcighn dogo nft "
"601"," waw dont miss guys puftwwyszalfnyueztfifge "
"602","cryo cryocurrency shib shibainu shib shibarmy"
"603"," this is an amazing oject fjbptvqonixfvksxkaomfttqx "
"604","cryo cryocurrency shib shibainu shib shibarmy "
"605"," ruzaaqweqcvtvbbnkhtavyuvwnkddnbttxbldogonft "
"606"," akita cryocurrencyakita akitainu "
"607"," mxdorajurgtfncngaceypwcdarkyhkhmmsjtnft "
"608","peradaban   berkembang digitalisasi    berkembang   bidang serti fnb n "
"609","xlm xrp dogecoin safemoon shibacoin  cardano btc ethereum spy tsla aapl snap twttr dkng penn "
"610"," great oject for all tqegehrczqkvoxorgkgudtjbglrscf "
"611","xlm xrp dogecoin safemoon shibacoin  cardano btc ethereum spy tsla aapl snap twttr dkng penn "
"612"," facebook revokes cryocurrency advertising ban"
"613"," facebook revokes cryocurrency advertising ban"
"614","cryo cryocurrency shib shibainu shib shibarmy"
"615","cryo cryocurrency shib shibainu shib shibarmy "
"616","jar x  tomorrowhuobi kucoin nmr atom cryptocurrency  vtho zcx btc lava etc kucoin woo kucoin "
"617"," facebook revokes cryocurrency advertising ban"
"618","cryocurrency airdrobsc "
"619"," token asli karya anak bangsa indonesia  real assetronde  dibuka sangkara misa"
"620","shib"
"621","cryo cryocurrency shib shibainu shib shibarmy"
"622"," pnnx "
"623","cryo cryocurrency shib shibainu shib shibarmy "
"624"," facebook revokes cryocurrency advertising ban"
"625","   engn to the moon    engn"
"626"," posi positionexchange bsc cryocurrency"
"627"," posi positionexchange bsc cryocurrency"
"628"," posi positionexchange bsc cryocurrency"
"629"," posi positionexchange bsc cryocurrency"
"630","posi positionexchange bsc cryocurrency "
"631"," facebook revokes cryocurrency advertising ban"
"632","cryo cryocurrency shib shibainu shib shibarmy"
"633","cryo cryocurrency shib shibainu shib shibarmy "
"634"," dogonft solanaairdrosol cryocurrency fnktvpkukfcmrrxruqqkfjyqrslttndezwi"
"635"," gagal  fasa retest ayuh      gagal  cryocurrency utama  to    i"
"636"," facebook revokes cryocurrency advertising ban"
"637"," facebook revokes cryocurrency advertising ban"
"638"," facebook revokes cryocurrency advertising ban"
"639"," facebook revokes cryocurrency advertising ban"
"640"," shibtakebackcontrol cryocurrency"
"641","posi positionexchange bsc cryocurrency "
"642"," facebook revokes cryocurrency advertising ban"
"643","trade cryonews cardanocommunity saitamawolfpack shibanet defi leash binance usa  veg "
"644","cryo cryocurrency shib shibainu shib shibarmy"
"645"," facebook revokes cryocurrency advertising ban"
"646"," cryocurrency ethereum bnb btc cryonks wonderofwonderartsebelum membeli nft tu baca artikel  dulubaca"
"647"," solana summer  bncncwqhkfjunufgjsnesyacjbtnjnyb "
"648","cryocurrency winter  den mata klo  kasih kesemtan btc   k sebisa  exit market  mentok d "
"649","a short story shib shib shibarmy shibafloki elonmusk elon bitcoin cryocurrency shib eth btc sol "
"650","shiba inu shib teknik analiz  shiba shibainu shib shibudst "
"651","shib"
"652"," nice one keeit uadisasamod  "
"653"," kekenia  nfts nft nftart nftartist nftcollector cryoart digitalart nftcommunit"
"654","   engn to the moon    engn"
"655","  sendmeanycoin xabdabcdddcfefa bepemywalletarealwaysonthemoon cryo "
"656","botnet glueba  menginfeksi    juta komter  google  gugatan rdata  diajukan ter "
"657","bedah investasi   saham sami cryocurrency sabtu  desember    wibjoin am get sc "
"658"," very great token  "
"659"," sendmeanycoin xabdabcdddcfefa bepemywalletarealwaysonthemoon cryo "
"660","cryo cryocurrency shib shibainu shib shibarmy"
"661"," cryocurrency cryo shib shib shiba shibainu shibarmy shibarmym shibarmystrong"
"662","cryo cryocurrency shib shibainu shib shibarmy "
"663","bitcoin  cryocurrency ta cryocurrency    bitcoin  sami salah bitcoin "
"664"," join in guys wonderful oject nft "
"665","  "
"666","   den toko cryocurrency semoga  salah  excange terbaik  indonesia  hay n "
"667"," kyc  dah  join launchd mexcglobal mexc mexclaunchd mexclisting defi "
"668"," itr cryocurrency btc ethereum xrp "
"669","matic  nas  yg miss  fomo ya tunggu cons  altcoinindo altcoin cryocurrency matic"
"670"," facebook revokes cryocurrency advertising ban"
"671"," kekenia  nfts nft nftart nftartist nftcollector cryoart digitalart nftcommunit"
"672","cryo cryocurrency shib shibainu shib shibarmy"
"673"," facebook revokes cryocurrency advertising ban"
"674","    nyari referensi smallcayg bagus cartesi ctsi alchemy pay ach serum srm "
"675"," tg pinksale theessentialcoin ico bscgems"
"676","cryo cryocurrency shib shibainu shib shibarmy "
"677"," shibarmy shib shib bitcoin cryocurrency cryo forex digitalassets cryotwitter stockmarkets stonks stonkycry"
"678"," facebook revokes cryocurrency advertising ban"
"679"," good news for every digital marketer semalam  sembang bab ni tengok dah   dah lani mantafacebook "
"680","shib shib news cryocurrency "
"681"," secrettosuccess cryo investing "
"682","shibarmy shib shib bitcoin cryocurrency cryo forex digitalassets cryotwitter stockmarkets stonks "
"683"," secrettosuccess cryo investing "
"684"," secrettosuccess cryo investing "
"685","  mu sobat cryo akah btc  melanjutkan nurunan lagilikecommentand sharebitcoin "
"686","cryoislanddao cisla dao cisla cisla cryoisland cislaarmy cislax  "
"687","jagratta raa babu "
"688"," done sirxdfdaefccdfbddaacefbfc  "
"689"," done sirxeebbccfdcbcbafddfeec  "
"690","pnnx "
"691"," nft solanaairdrosol cryocurrencydxyzuqtvfzbducjmnyrnmvhknxcfxvcgayohb"
"692"," fmjbeunwcgbjihjgyopuctnhcpjqufahfjwghzrnft "
"693","kbearcryocurrency blockchain investment doge shib catgirl xrxlm metaverse defi "
"694"," nft "
"695"," azvjkeqafmkjwqgwmrpcyebntmwoshbgzyreub nft "
"696"," facebook revokes cryocurrency advertising ban"
"697","trade cryonews cardanocommunity saitamawolfpack shibanet defi leash binance usa  veg "
"698","bismillah headshot sol address ekphwwjmcpuxsvwanfqfzzvcoyabz "
"699"," tg pinksale theessentialcoin ico bscgems"
"700","cryo cryocurrency shib shibainu shib shibarmy"
"701","  bitcoin horoscope follow along financialastrology astrology altcoin altseason buythedishib doge nf"
"702","cryo cryocurrency shib shibainu shib shibarmy "
"703"," dogonft solanaairdrosol cryocurrency"
"704"," mata uang krio cryocurrency     alat mbayaran  sah  wilayah nkri   aset krio y"
"705"," trade cryonews cardanocommunity saitamawolfpack shibanet defi leash binance usa  veg cryocurrency ki"
"706","shiba inu no  performing coin in bitcoin btc eth shib shibainucoin shibainu shibarmy shiba binance "
"707"," final analysis  financialastrology astrology altcoin altseason buythedishib doge nft bitcoin btc "
"708"," bitcoin horoscope follow along financialastrology astrology altcoin altseason buythedishib "
"709"," tg pinksale theessentialcoin ico bscgems"
"710"," hhceodctohwuasqekexfxmkaqwshbetytcnft "
"711"," facebook revokes cryocurrency advertising ban"
"712"," this is wonderful oject for me nft solanaairdro "
"713"," here you go xadbfcbefcbaecfdddbbnft "
"714","cryocurrency ethereum bnb btc cryonks wonderofwonderartsebelum membeli nft tu baca artikel   "
"715"," best oject dniqernmqbxkywcawbdmfbbfjnhd "
"716","shibaarmy shiba shibacoin cake nclh aal spg rcl dri ua bbby gme amc play "
"717"," proyek    oyek   bagus  oyektor  memiliki  daya tarik  semog "
"718","kekenia  nfts nft nftart nftartist nftcollector cryoart digitalart "
"719","jar kucoin x next week very bullish chartons coti cryptotrading tel xlm perry matic tlm rsr theta "
"720","ignis  tf   terntau rgekan    area lower bb     turun  me "
"721"," new coin listing on coingecko yoi shiba inu symbol yosi cryocurrency cryo"
"722"," tg pinksale theessentialcoin ico bscgems"
"723"," ih anak web cryo banget nii bayar kai tezos lol buka po lho  cryocurrency only"
"724","jar mega cuand handle lonnnnnggggrose mln sdao nft arx xdc aave tm trias cov rfox tone ltx mask "
"725","cryo cryocurrency shib shibainu shib shibarmy"
"726"," bubxosmonfboxujpiqfdqtjtwrqfknaotxfmggreat oject dont miss  "
"727"," facebook revokes cryocurrency advertising ban"
"728"," esvbgastamfvbnhiykueardcrwnfsgeusjinft "
"729"," hbar hbar memes btc cryo cryocurrency "
"730","cryo cryocurrency shib shibainu shib shibarmy "
"731","hbar hbar memes btc cryo cryocurrency "
"732","top  gainers   days mc  mil   milgxc coval crts flex rmrk  "
"733","  belajar banget  krioversiry  blockchain  lainlain  a  "
"734"," salah  oyek terbaik dimana    berkembang dimedia sosial  detail kunjungi   "
"735","trade cryonews cardanocommunity saitamawolfpack shibanet defi leash binance usa  veg "
"736"," amazing ojects axzhrdvqmsdkfqhchvnhkwnzrzncgx "
"737"," lets mand keesuort all oject ahxvnhkokiuxzvhtucvbkzsjuiaqorzwumyqkd "
"738"," very good oject cquehkxavzmwathaobrshumftzhttgr "
"739"," sendmeanycoin xabdabcdddcfefa bepemywalletarealwaysonthemoon cryo "
"740","yuk download pluang  datkan bonus uang  r juta masukkan kode referral   ndaftaran well "
"741","serti  diumumkan  hak valve nihpihak   nghasan game blockchain  atformnya s "
"742"," mata uang krio cryocurrency     alat mbayaran  sah  wilayah nkri   aset krio y"
"743","top  gainers   days mc  mil   milrise  gxt  bax   ctxc   "
"744"," wow you cant miss this jtzbeniebxqzbhkcukbbkrwd "
"745"," defi new order datkan pendanaan   juta dollar btc bitcoin ethereum blockchain cry"
"746"," act fastnft solanaairdrosol cryocurrency  "
"747"," done sir ndzqwetnzxfbttaasawtkcnefyimnkh "
"748","cryo cryocurrency shib shibainu shib shibarmy"
"749"," ucardano cryocurrency cryonews eglearn green u"
"750","trade cryonews cardanocommunity saitamawolfpack shibanet defi leash binance usa  veg "
"751","cryo cryocurrency shib shibainu shib shibarmy "
"752","buy jar nft with k mc on for x next week  listing next week kucoin nmr icp "
"753"," tg pinksale theessentialcoin ico bscgems"
"754","   gallery nya sale ta  benda online and bayar  cryocurrency"
"755","yum    nft nftart etherium onsea polygon cryocurrency art "
"756","   engn to the moon    engn"
"757"," mata uang krio cryocurrency     alat mbayaran  sah  wilayah nkri   aset krio y"
"758","cryocurrency bitcoin ethereum solana cardano polygon omicronini  saran krio lih da  "
"759"," belajar banget  krioversiry  blockchain  lainlain  a  cryocurrency nice  "
"760","defi new order datkan pendanaan   juta dollar btc bitcoin ethereum "
"761"," belajar banget  krioversiry  blockchain  lainlain  a  cryocurrency nice  "
"762"," bitmart exchange kena hack  juta melayangdigital aset   dendigivestasi "
"763","bitmart exchange kena hack  juta melayangdigital aset   den "
"764","cryo cryocurrency shib shibainu shib shibarmy"
"765"," merah merona membara market cryocurrency "
"766","bch xrrmy xrp xrxrpcommunity rile xrbtc cryocurrency altcoins dogecoin "
"767"," good news for every digital marketer semalam  sembang bab ni tengok dah   dah lani mantafacebook "
"768","investasi cryocurrency   r an download pintu  "
"769"," facebook revokes cryocurrency advertising ban"
"770"," facebook revokes cryocurrency advertising ban"
"771","a short story shib shib shibarmy shibafloki elonmusk elon bitcoin cryocurrency shib eth btc sol "
"772"," gmkingflokitoken hiddengem bscgem shibdoge babydoge xgem memecoin dogelon kishu "
"773"," yes catal ni muhimu  ila sio kikwazo cha kujifunza online trading au cryocurrencynajua ulifundishwa olevel ile"
"774"," good news for every digital marketer semalam  sembang bab ni tengok dah   dah lani mantafacebook "
"775"," yuk download pluang  datkan bonus uang  r juta masukkan kode referral   ndaftaran wididownl"
"776"," good news for every digital marketer semalam  sembang bab ni tengok dah   dah lani mantafacebook "
"777"," first date  rumah nya ketemu  baknya tanyain ndatnya  cryocurrency"
"778"," pasar cryo pulih akah bitcoin   trend   turun btc bitcoin ethereum bloc"
"779"," preorder buku trading am investing cryocurrencybuku    ryan filbertbuku eorder   tersedia  "
"780","jar target short term  at leastcryocurrency cryowallet eth icx coti slp cake bake win joe "
"781","cryo cryocurrency shib shibainu shib shibarmy"
"782","jar chart is so beautiful x coming rose mln sdao nft arx xdc aave tm trias cov rfox tone ltx "
"783","sahabat degree udah nya  jenis nghasilan  nihdegreecryotoken asetdigital cryocurrency "
"784","cryo cryocurrency shib shibainu shib shibarmy "
"785"," salah  exchange  dat    order aset flux  hotbit  pairing flux"
"786","    mendaftar  fnf young leaders series ndaftarannya gratis   workshoini  aka "
"787"," days to go      acara ambassador training cam   nasaran  keser "
"788","  "
"789","  diajakin nongkrong teman bilangnya   duitta s  cek aset krionya  digiasset  bangetsia y"
"790","  desember  kucoin mengadakan sesi ama  komandan armada  oyek pirate  grukucoin exchang "
"791"," surlative secret society nft asli karya anak indonesia dukung karya seniman lokal   dikenal "
"792","surlative secret society nft asli karya anak indonesia dukung karya seniman lokal   dikenal "
"793"," akita cryocurrencyakita akitainu "
"794","  engn to the moon    engn "
"795","salah  exchange  dat    order aset flux  hotbit  pairing  "
"796","bru kali   esentasi tbener mendalami alias ya  gaham aaan ttg cryocurrency "
"797","pasar cryo pulih akah bitcoin   trend   turun btc bitcoin ethereum "
"798"," facebook revokes cryocurrency advertising ban"
"799"," good news for every digital marketer semalam  sembang bab ni tengok dah   dah lani mantafacebook "
"800","yuk download pluang  datkan bonus uang  r juta masukkan kode referral   ndaftaran widi "
"801","cryo cryocurrency shib shibainu shib shibarmy"
"802","beprwbnbbe youcryo beuroo forex cryocurrencies traders altcoin nftgaming defi cryocurrency "
"803","  otoritas jak rusiafts  meningkatkan ngawasan  transaksi uang krio alias cryocurrency  negaranya "
"804","btcusdt buypot   utcbtc usdt binance btc usdt binancefutures bitcoin "
"805","cryo cryocurrency shib shibainu shib shibarmy "
"806"," keberlangsungan aset solana  sulit  diediksi meskin  sol  memiliki bebera ask unggul ya"
"807"," pasca selloff da sar saham minggu  investor menarik   taruhan   berisiko    r"
"808","cryocurrency thetanarena thc thg btc eth bnb mobanft battleroyale ayearnsa  dah main game ni "
"809"," haii tamvan am cantik help bantuin donk  dat  ga in  dahh rules  follow "
"810"," diajakin nongkrong teman bilangnya   duitta s  cek aset krionya  digiasset  bangetsia "
"811","  belajar banget  krioversiry  blockchain  lainlain  a  "
"812","harga crio ambles  bagaimanacryocurrency aset krio bitcoin "
"813"," good news for every digital marketer semalam  sembang bab ni tengok dah   dah lani mantafacebook "
"814"," meet adamxtralife xtrafund xtraofits xtracash xtramoney xtraweek bitcoin cryocurrency cryo blockchain lu"
"815"," good news for every digital marketer semalam  sembang bab ni tengok dah   dah lani mantafacebook "
"816"," good news for every digital marketer semalam  sembang bab ni tengok dah   dah lani mantafacebook "
"817"," facebook revokes cryocurrency advertising ban"
"818","token asli karya anak bangsa indonesia  real assetronde  dibuka sangkara  "
"819"," tg pinksale theessentialcoin ico bscgems"
"820","cryo cryocurrency shib shibainu shib shibarmy"
"821","lunausdt  long setu lunausdt luna luna analysis chart cryocurrency"
"822","  den krio sbg aset investasi digital  berkembang sat bebera   iniamtelah membawa byk s"
"823"," meet adamxtralife xtrafund xtraofits xtracash xtramoney xtraweek bitcoin cryocurrency cryo blockchain lu"
"824"," new coin listing on coingecko astrodonkey symbol dkny cryocurrency cryo"
"825","usdtsbt bittrex gained  in the last  min sbt cryocurrency "
"826","meet adamxtralife xtrafund xtraofits xtracash xtramoney xtraweek bitcoin cryocurrency cryo "
"827","cryo cryocurrency shib shibainu shib shibarmy "
"828","trade cryonews cardanocommunity saitamawolfpack shibanet defi leash binance usa  veg "
"829","  sar  lesu  bebera   disarankan  ngguna serti  disamikan  bos triv gabriel rey"
"830"," sar  lesu  bebera   disarankan  ngguna serti  disamikan  bos triv g "
"831","analisa cb insights menemukan investasi dana ventura  sektor krio  blockchain menembus rekor     "
"832","salam kenal  ra trader sejati cryocurrency  "
"833","  nasaran nihakah oyek proboscis club dijalankan  tim  terrcaya  m"
"834","pasar aset krio turun merukan   wajar ceo indodax momentum tet  membeli "
"835","menteri keuangan nirmala sitharaman    skulasi  cryocurrency  skulasi  sanga "
"836"," cryo cryocurrency cardano   bitcoin btc btc "
"837"," cryo history price volume cryocurrency cardano   bitcoin btc btc "
"838"," cryo trend volume cryocurrency cardano   bitcoin btc btc "
"839"," cryo screener price cacryocurrency cardano   bitcoin btc btc "
"840","  angin segar  cryomarket btc   eth    xrp   "
"841"," akita cryocurrencyakita akitainu "
"842"," analisa coin favorit bnb ya semoga aja to the moon   kenak fud  btccryocurrency "
"843","cryo cryocurrency shib shibainu shib shibarmy"
"844"," yeah sort of both are in the form of token  beza cryocurrency   nft ni cry "
"845","usdtsbt bittrex lost  in the last  min sbt cryocurrency "
"846","krn in now hotbit usdtether krn kryza cryocurrency  "
"847"," den krio sbg aset investasi digital  berkembang sat bebera   iniamtelah membawa b "
"848","cryo cryocurrency shib shibainu shib shibarmy "
"849"," haii tamvan am cantik help bantuin donk  dat  ga in  dahh rules  follow "
"850","cryocurrency  saham  da ijo "
"851","  wallet misa  follow twitter probit indonesia reward aka "
"852"," haii tamvan am cantik help bantuin donk  dat  ga in  dahh rules  follow "
"853","  tementemen  newbie  cryocurrencyjangan beli token iniini udah scam develor nya b "
"854"," akita cryocurrencyakita akitainu "
"855"," akita cryocurrencyakita akitainu "
"856"," akita cryocurrencyakita akitainu "
"857"," akita cryocurrencyakita akitainu "
"858","sushi weekly terbentuk hidden bullish divergence  history diveregence   membawa harga  cryo nai "
"859"," akita cryocurrencyakita akitainu "
"860"," akita cryocurrencyakita akitainu "
"861","btc k  btcusdt bitcoin btc cryocurrency cryo"
"862"," shib   "
"863"," haii tamvan am cantik help bantuin donk  dat  ga in  dahh rules  follow "
"864","   trade kai cryocurrency la  a a n  kai cash tu still  risk of ml"
"865","cryo cryocurrency shib shibainu shib shibarmy"
"866","kununua cryocurrency ni kama kumiliki kinde kidogo ama share kidogo ya kamni ama oject husika so unakua  "
"867","cryo cryocurrency shib shibainu shib shibarmy "
"868"," nk tya  mbelian nft  cyrocurrency   cryocurrency  ka "
"869"," keberlangsungan aset solana  sulit  diediksi meskin  sol  memiliki bebera ask unggul ya"
"870"," facebook revokes cryocurrency advertising ban"
"871","  jual beli data am   cryocurrency skrg ni cryo tgah  sebb ngenalan metaverse  "
"872"," yg beli  own the data ta  artwork tu  x silala sebb nft ni njualan "
"873","keberlangsungan aset solana  sulit  diediksi meskin  sol  memiliki bebera ask ungg "
"874"," good news for every digital marketer semalam  sembang bab ni tengok dah   dah lani mantafacebook "
"875","cryocurrency  fan hi kewl like aur follow karo k mai aa month ka rtfolio shair karunga "
"876"," pertukaran terdesentralisasi sundaeswacardano  meluncurkan testnet publik btc bitcoin e"
"877","   membahas krio cryocurrency  aset  diakui  mengikuti ndat baebti serti a mb"
"878","pasar  bergembira   angka hijau   euoria   angka  menyambut merah  "
"879","bgtg bikin horechannel rekomendasi saham swing  cryocurrency   "
"880","cryo cryocurrency shib shibainu shib shibarmy"
"881"," haii tamvan am cantik help bantuin donk  dat  ga in  dahh rules  follow "
"882"," pasca selloff da sar saham minggu  investor menarik   taruhan   berisiko    r"
"883"," facebook revokes cryocurrency advertising ban"
"884"," hai     belajar ttg cryocurrency  udah  main  belibeli koin mohon bantuannya  isi s"
"885","kena judi    fundamental   dianalisa   underlyingnya   nilai intrinsikn "
"886","a short story shib shib shibarmy shibafloki elonmusk elon bitcoin cryocurrency shib eth btc sol "
"887","pasca selloff da sar saham minggu  investor menarik   taruhan   berisiko   karen "
"888","btcusdt buypot   utcbtc usdt binance btc usdt binancefutures bitcoin "
"889"," good news for every digital marketer semalam  sembang bab ni tengok dah   dah lani mantafacebook "
"890","good news for every digital marketer semalam  sembang bab ni tengok dah   dah lani mantafacebook "
"891","pertukaran terdesentralisasi sundaeswacardano  meluncurkan testnet publik btc "
"892","semangat  ra sangkuter sejati cryocurrency "
"893","teknikal analisis   sushiswasushi membentuk la bullish wadge da time frame weeklydan berhasil "
"894","  membahas krio cryocurrency  aset  diakui  mengikuti ndat baebti serti a "
"895","cryo cryocurrency shib shibainu shib shibarmy"
"896"," tg pinksale theessentialcoin ico bscgems"
"897"," otoritas jak rusiafts  meningkatkan ngawasan  transaksi uang krio alias cryocurrency  nega "
"898","bedah investasi  saham sami cryocurrency sabtu  desember    wibjoin am get scial g "
"899"," well i dont go around tweeting anak muda  la  main game  invest  cryo way better  ha"
"900","cryo cryocurrency shib shibainu shib shibarmy "
"901","banjir cuan  pluang  datkan bonus uang  r ribu bitcoin ethereum cryocurrency reksadana "
"902","cintai oduk  hehehesobat ot  baca  binance bnb bitcoin btc cryo "
"903","udah retest nih btc divergence udah selesai jg discount kahcryocurrency btc "
"904","btcusdt buypot   utcbtc usdt binance btc usdt binancefutures bitcoin "
"905"," haii tamvan am cantik help bantuin donk  dat  ga in  dahh rules  follow "
"906","sejalan  ogram pinetwork  alat tukar barang  investasi   ta klo tetaingin "
"907","bhavishay  liye digital currency meek naee currency pai gaee haijee haan libra cryocurrencyfacebook dwaar "
"908","  lazio udah  snsorin  binance nih tim sekbola indonesia  yah akah the"
"909"," follow yuk guys   folback cryocurrecy cryocurrency airdro airdroairdroamos"
"910"," follow yuk   folbackcryo cryocurrency airdro "
"911","  lazio udah  snsorin  binance nih tim sekbola indonesia  yah akah the"
"912","cryo cryocurrency shib shibainu shib shibarmy"
"913","listingmari trading subx finance lab sfx  probitglobaltradingtrading pai "
"914","tg pinksale theessentialcoin ico "
"915","cryo cryocurrency shib shibainu shib shibarmy "
"916","  tetamelayani ta  online  ya sami berjum   desember   "
"917","  sendmesome  xabdabcdddcfefa emywalletarealwaysonthemoon cro "
"918","pengantar half pizza  komunitas otonom hadiah terdesentralisasi  bsc ekologi m "
"919","  nasaran nihakah oyek proboscis club dijalankan  tim  terrcaya "
"920","shib"
"921","  sendmeanycoin xabdabcdddcfefa bepemywalletarealwaysonthemoon cryo "
"922","  sendmeanycoin xabdabcdddcfefa bepemywalletarealwaysonthemoon cryo "
"923"," sendmeanycoin xabdabcdddcfefa bepemywalletarealwaysonthemoon cryo "
"924"," sendmeanycoin xabdabcdddcfefa bepemywalletarealwaysonthemoon cryo "
"925"," nft nftcommunity "
"926","cryo cryocurrency shib shibainu shib shibarmy"
"927","    indonesia memiliki tensi      munculnya cryocurrency  indonesia s"
"928","bedah investasi   saham sami cryocurrency sabtu  desember    wibjoin am get sc "
"929","mata uang krio cryocurrency     alat mbayaran  sah  wilayah nkri   as "
"930"," shib shibaswashibarmy hodl cryocurrency resistanceisfutile "
"931","cryo cryocurrency shib shibainu shib shibarmy "
"932","   krioversity  tokocryo     mengenal  belajar   tenta "
"933","cryo cryocurrency shib shibainu shib shibarmy"
"934","cryo cryocurrency shib shibainu shib shibarmy "
"935","  sendmeanycoin xabdabcdddcfefa bepemywalletarealwaysonthemoon cryo "
"936","  sendmeanycoin xabdabcdddcfefa bepemywalletarealwaysonthemoon cryo "
"937"," sendmeanycoin xabdabcdddcfefa bepemywalletarealwaysonthemoon cryo "
"938","shiba inu bangun game metaverse kabar gembira  ra shiba army  megang token shiba inu shib shiba inu "
"939"," shib shib shibainu shibarmystrong cryotrading cryocurrency"
"940"," certik  swabsc bnb binance btc eth cryo nfts digitalart "
"941","blockchain digitalarms nft hntr hntr cryocurrency "
"942","shibarmydogelonmars shib shib bitcoin cryocurrency cryo forex digitalassets cryotwitter "
"943","cryo cryocurrency shib shibainu shib shibarmy"
"944"," algorand algoairdroalgonftairdro "
"945","pump week cryocurrency december statisticstopum december  january   gxsusdt  ct "
"946","cryo cryocurrency shib shibainu shib shibarmy "
"947","    shibarmy   takut  nurunan cryocurrency bitcoin "
"948"," cardano  amasses  wallets staking  cardano cardanofeed  cryo cardanocommunity bitcoin coinm"
"949"," new coin listing on coingecko kalissa symbol kali cryocurrency cryo"
"950","shib shib shibainu shibarmystrong cryotrading cryocurrency "
"951"," salah  sbb negara cina tu yg turun mndadak tu "
"952"," join dlu groucryocurrency malaysia   groutu informative  haha"
"953"," haii tamvan am cantik help bantuin donk  dat  ga in  dahh rules  follow "
"954"," shiba pixelartshiba shib shibaarmy nft nftcommunity nfts bitcoin cryocurrency "
"955","cryo cryocurrency shib shibainu shib shibarmy"
"956","beamhashiii gpu survey resnses cryocurrency via "
"957","  xbtusd longed   on kraken  utc xbt cryocurrency"
"958","shiba elonmusk shib shiba doge cryocurrency "
"959","salam subuh kcikrio cryocurrency cryo krio malaysia islam "
"960"," steby steuntuk   binancethread  ditulis  orang   nak  laburan  bitcoin  c"
"961","cryo cryocurrency shib shibainu shib shibarmy"
"962","cryo cryocurrency shib shibainu shib shibarmy "
"963","amamsd ambtc eth bitcoin doge cryocurrency trading technicalanalysis btc eth "
"964"," cryocurrency vs art zgyh dwac sq mu seah nio twtr gme xrp link comp  uni "
"965"," nft "
"966"," cardano  amasses  wallets staking  cardano cardanofeed  cryo cardanocommunity bitcoin coinm"
"967"," sendmeanycoin xabdabcdddcfefa bepemywalletarealwaysonthemoon cryo "
"968"," mbox mbox mboxmeta metaverse metamask web mask bitcoin bnb bsc defi busd binancesmartchain binance btc"
"969","mbox mbox win win win mbox dao bond busd bloktoa metaverse atlas raca blok hero web mask bitcoin "
"970","mbox mbox mboxmeta metaverse metamask web mask bitcoin bnb bsc defi busd binancesmartchain binance "
"971"," mbox mbox mboxmeta metaverse metamask web mask bitcoin bnb bsc defi busd binancesmartchain binance btc"
"972","mbox mbox mboxmeta metaverse metamask web mask bitcoin bnb bsc defi busd binancesmartchain binance "
"973","trade cryonews cardanocommunity saitamawolfpack shibanet defi leash binance usa  veg "
"974"," facebook revokes cryocurrency advertising ban"
"975","ryoshiswacryocurrency via "
"976","mbox mbox lets pump mbox buy dpsbitcoin bnb bsc defi binancesmartchain binance ethereum eth usdt "
"977","mbox mbox lets pump mboxaltcoins altcoinseason bitcoin bnb bsc defi binancesmartchain binance "
"978","cardano  amasses  wallets staking  cardano cardanofeed  cryo cardanocommunity bitcoin "
"979","cryo cryocurrency shib shibainu shib shibarmy"
"980","  tanggal cantik  ya sobada     menantang da tanggal   litedex protocol  "
"981","trade cryonews cardanocommunity saitamawolfpack shibanet defi leash binance usa  veg "
"982"," gm cryo btc eth shib doge luna  uni "
"983","lsk  dnt qtum iost dai chz snt ckb bts dash cryocurrency miota near btm swacel trader "
"984","cryo cryocurrency shib shibainu shib shibarmy "
"985"," facebook revokes cryocurrency advertising ban"
"986"," mononoke inu promo ru via mononokeinu mononoke cryocurrency nokenation shib in"
"987"," facebook revokes cryocurrency advertising ban"
"988"," bismillah good ojectbanyak belajar banget  krioversiry  blockchain  lainlain tentan "
"989","cryo cryocurrency shib shibainu shib shibarmy"
"990"," facebook revokes cryocurrency advertising ban"
"991"," mononoke inu promo ru via mononokeinu mononoke cryocurrency nokenation shib in"
"992"," facebook revokes cryocurrency advertising ban"
"993","cryo cryocurrency shib shibainu shib shibarmy "
"994","trade cryonews cardanocommunity saitamawolfpack shibanet defi leash binance usa  veg "
"995","akita cryocurrencyakita akitainu "
"996"," blacknk neo miota bsv fsly edg ontx dis cryocurrency audio uber s zec goev lem wnrs xlm cardano oes"
"997","blacknk neo miota bsv fsly edg ontx dis cryocurrency audio uber s zec goev lem wnrs xlm "
"998","cryo cryocurrency shib shibainu shib shibarmy"
"999","cryo cryocurrency shib shibainu shib shibarmy "
"1000"," facebook revokes cryocurrency advertising ban"
